,,Jan,,Feb,,Mar,,Apr,,May,,Jun,,Jul,,Aug,,Sep,,Oct,,Nov,,Dec,
BRAND,عنوان العميل,Sales,Qty,Sales2,Qty3,Sales4,Qty5,Sales6,Qty7,Sales8,Qty9,Sales10,Qty11,Sales12,Qty13,Sales14,Qty15,Sales16,Qty17,Sales18,Qty19,Sales20,Qty21,Sales22,Qty23
Skin Clinic,المهندسين,0,0,0,0,0,0,0,0,271,9,0,0,0,0,0,0,0,0,0,0,0,0,0,0
Eva Care,مصر الجديدة,0,0,0,0,0,0,153,6,0,0,0,0,0,0,0,0,0,0,0,0,0,0,45,3
Glow,المهندسين,0,0,139,6,0,0,0,0,0,0,0,0,0,0,0,0,0,0,0,0,0,0,0,0
Hair Clinic,المهندسين,0,0,0,0,0,0,0,0,0,0,0,0,0,0,0,0,160,6,0,0,0,0,0,0
Recipe,المهندسين,0,0,0,0,0,0,0,0,0,0,0,0,0,0,0,0,0,0,148,6,0,0,0,0
Skin Clinic,المهندسين,0,0,0,0,0,0,0,0,146,3,125,6,0,0,0,0,0,0,0,0,0,0,87,3
Acetone & Rose water & Joli Eva,المهندسين,0,0,0,0,0,0,0,0,0,0,0,0,125,12,0,0,0,0,0,0,0,0,0,0
Baby,مصر الجديدة,0,0,107,3,0,0,0,0,0,0,0,0,0,0,0,0,0,0,0,0,0,0,0,0
Eva Care,مصر الجديدة,225,4,0,0,185,4,185,4,0,0,0,0,0,0,0,0,0,0,0,0,0,0,0,0
Glow,المهندسين,0,12,0,0,0,0,0,0,0,0,0,0,0,0,139,6,0,0,0,0,0,0,0,0
Hair Clinic,المهندسين,0,0,0,0,0,0,0,0,0,0,0,0,0,0,0,0,122,3,0,0,0,0,101,3
Skin Clinic,المهندسين,0,0,63,3,0,0,0,0,146,3,0,0,0,0,0,0,0,0,0,0,0,0,0,0
Acetone & Rose water & Joli Eva,المهندسين,418,3.5,0,0,0,0,0,0,0,0,0,0,0,0,0,0,0,0,0,0,0,0,0,0
Eva Care,مصر الجديدة,0,0,688,27,1070,42,3210,126,2140,84,0,0,0,0,0,0,0,0,0,0,0,0,0,0
Glow,المهندسين,0,0,1181,51,0,0,0,0,0,0,2918,126,0,0,0,0,0,0,0,0,0,0,0,0
Hair Clinic,المهندسين,0,0,0,0,0,0,0,0,0,0,0,0,570,18,0,0,0,0,0,0,0,0,0,0
Skin Clinic,المهندسين,5864,108,0,0,0,0,0,0,1459,30,0,0,0,0,0,0,0,0,0,0,0,0,0,0
Acetone & Rose water & Joli Eva,المهندسين,0,0,0,0,0,0,0,0,0,0,0,0,125,12,0,0,0,0,0,0,0,0,0,0
Baby,المهندسين,0,0,71,3,0,0,0,0,0,0,0,0,0,0,0,0,0,0,0,0,0,0,0,0
Eva Care,مصر الجديدة,0,0,0,0,185,4,185,4,0,0,0,0,0,0,0,0,0,0,0,0,0,0,0,0
Glow,المهندسين,167,12,0,0,0,0,0,0,0,0,0,0,0,0,0,0,0,0,0,0,0,0,0,0
Hair Clinic,المهندسين,0,0,0,0,0,0,0,0,0,0,0,0,0,0,160,6,0,0,0,0,0,0,153,6
Skin Clinic,المهندسين,0,0,63,3,0,0,0,0,146,3,0,0,0,0,0,0,0,0,0,0,0,0,0,0
Eva Care,مصر الجديدة,0,0,97,6,306,12,185,4,0,0,49,3,0,0,0,0,0,0,153,6,153,6,0,0
Glow,المهندسين,0,0,42,3,0,0,0,0,0,0,0,0,139,6,0,0,0,0,0,0,0,0,0,0
Hair Clinic,المهندسين,104,3,0,0,139,3,0,0,0,0,76,3,0,0,0,0,0,0,0,0,0,0,0,0
Recipe,المهندسين,0,0,0,0,0,0,0,0,0,0,0,0,0,0,0,0,0,0,0,0,0,0,148,6
Skin Clinic,المهندسين,63,3,0,0,0,0,0,0,146,3,0,0,0,0,0,0,125,6,0,0,0,0,0,0
Acetone & Rose water & Joli Eva,المهندسين,0,0,0,0,0,0,0,0,0,0,0,0,125,12,0,0,0,0,0,0,0,0,0,0
Eva Care,مصر الجديدة,0,0,0,0,185,4,135,9,0,0,0,0,0,0,0,0,49,3,0,0,0,0,0,0
Glow,المهندسين,167,12,0,0,0,0,0,0,0,0,0,0,0,0,0,0,87,6,0,0,0,0,0,0
Hair Clinic,الزمالك,0,0,69,3,0,0,0,0,0,0,0,0,0,0,0,0,0,0,0,0,0,0,0,0
Skin Clinic,المهندسين,0,0,63,3,0,0,0,0,146,3,0,0,0,0,125,6,0,0,0,0,0,0,0,0
Eva Care,مصر الجديدة,0,0,0,0,153,6,153,6,0,0,0,0,0,0,0,0,0,0,153,6,153,6,0,0
Glow,المهندسين,0,0,0,0,0,0,0,0,0,0,0,0,139,6,139,6,0,0,0,0,0,0,0,0
Hair Clinic,الزمالك,188,6,139,6,0,0,0,0,0,0,0,0,0,0,0,0,0,0,0,0,0,0,0,0
Recipe,المهندسين,0,0,0,0,0,0,0,0,0,0,0,0,0,0,0,0,0,0,0,0,0,0,142,6
Skin Clinic,المهندسين,0,0,0,0,0,0,0,0,146,3,0,0,0,0,0,0,125,6,0,0,0,0,0,0
Sun & Sea,المهندسين,0,0,0,0,0,0,0,0,0,0,125,3,0,0,0,0,0,0,0,0,0,0,0,0
Eva Care,مصر الجديدة,0,0,0,0,185,4,153,6,0,0,0,0,0,0,97,6,0,0,153,6,189,4,0,0
Glow,المهندسين,167,12,0,0,0,0,0,0,0,0,0,0,0,0,139,6,0,0,0,0,0,0,0,0
Hair Clinic,الزمالك,0,0,0,0,0,0,0,0,0,0,111,3,104,3,0,0,0,0,0,0,0,0,0,0
Recipe,المهندسين,0,0,0,0,0,0,0,0,0,0,0,0,0,0,0,0,0,0,0,0,0,0,142,6
Skin Clinic,المهندسين,0,0,146,3,0,0,0,0,146,3,0,0,0,0,63,3,125,6,0,0,0,0,0,0
Eva Care,مصر الجديدة,0,0,49,3,185,4,135,9,135,9,0,0,279,10.5,0,0,0,0,0,0,0,0,0,0
Glow,المهندسين,167,12,0,0,0,0,0,0,0,0,0,0,0,0,0,0,0,0,0,0,0,0,0,0
Hair Clinic,الزمالك,0,0,80,3,0,0,0,0,0,0,0,0,0,0,0,0,0,0,122,3,0,0,153,6
Skin Clinic,المهندسين,0,0,0,0,0,0,0,0,146,3,0,0,0,0,0,0,0,0,0,0,0,0,0,0
Acetone & Rose water & Joli Eva,المهندسين,0,0,0,0,0,0,0,0,0,0,0,0,125,12,0,0,0,0,0,0,0,0,0,0
Eva Care,مصر الجديدة,0,0,49,3,446,11,0,0,0,0,0,0,0,0,0,0,0,0,0,0,0,0,0,0
Glow,المهندسين,0,0,87,6,42,3,0,0,0,0,0,0,0,0,0,0,0,0,0,0,0,0,0,0
Hair Clinic,الزمالك,0,0,0,0,0,0,0,0,0,0,101,3,0,0,174,6,104,3,0,0,0,0,0,0
Skin Clinic,المهندسين,139,3,0,0,0,0,125,6,146,3,0,0,0,0,0,0,0,0,0,0,0,0,0,0
GPC,المهندسين,0,0,0,0,0,0,0,0,0,0,0,0,0,0,0,0,0,0,8420,876,2668,192,0,0
Hair Clinic,الزمالك,0,0,0,0,0,0,0,0,0,0,0,0,0,0,0,0,0,0,0,0,0,0,0,0
Eva Care,مصر الجديدة,0,0,0,0,0,0,135,9,135,9,0,0,0,0,153,6,146,9,0,0,0,0,0,0
Glow,المهندسين,167,12,0,0,0,0,0,0,0,0,0,0,0,0,0,0,0,0,0,0,0,0,0,0
Hair Clinic,الزمالك,0,0,139,3,0,0,0,0,0,0,0,0,0,0,0,0,0,0,0,0,0,0,156,6
Recipe,المهندسين,0,0,0,0,0,0,0,0,0,0,0,0,0,0,0,0,0,0,148,6,0,0,0,0
Skin Clinic,المهندسين,0,0,0,0,0,0,0,0,146,3,125,6,0,0,0,0,0,0,0,0,0,0,0,0
Eva Care,مصر الجديدة,0,0,49,3,0,0,135,9,153,6,0,0,0,0,153,6,146,9,0,0,0,0,45,3
Glow,المهندسين,167,12,0,0,0,0,0,0,0,0,0,0,0,0,0,0,0,0,0,0,0,0,0,0
Hair Clinic,الزمالك,0,0,76,3,0,0,0,0,0,0,0,0,0,0,0,0,0,0,0,0,0,0,0,0
Recipe,المهندسين,0,0,0,0,0,0,0,0,0,0,0,0,0,0,0,0,0,0,103,3,0,0,0,0
Skin Clinic,المهندسين,0,0,0,0,0,0,0,0,146,3,125,6,0,0,0,0,0,0,0,0,0,0,63,3
Eva Care,مصر الجديدة,0,0,0,0,0,0,0,0,0,0,8559,336,2140,84,0,0,0,0,0,0,0,0,0,0
Skin Clinic,المهندسين,0,0,0,0,0,0,0,0,0,0,4342,75,4342,75,0,0,0,0,0,0,0,0,0,0
Eva Care,مصر الجديدة,0,0,3325,72,0,0,0,0,1070,42,2883,114,2140,84,0,0,0,0,0,0,0,0,0,0
Eva Care,مصر الجديدة,0,0,0,0,369,8,0,0,0,0,0,0,0,0,146,9,189,4,153,6,189,4,0,0
Hair Clinic,الزمالك,139,3,139,3,0,0,0,0,0,0,104,3,104,3,0,0,0,0,0,0,0,0,0,0
Recipe,الزمالك,0,0,0,0,0,0,0,0,0,0,0,0,0,0,0,0,0,0,0,0,0,0,142,6
Skin Clinic,المهندسين,31,0.5,0,0,0,0,125,6,146,3,0,0,0,0,0,0,0,0,0,0,0,0,0,0
Acetone & Rose water & Joli Eva,المهندسين,0,0,0,0,0,0,0,0,0,0,0,0,125,12,0,0,0,0,0,0,0,0,0,0
Eva Care,مصر الجديدة,0,0,0,0,0,0,153,6,0,0,0,0,0,0,0,0,0,0,0,0,0,0,0,0
Glow,المهندسين,0,0,0,0,0,0,0,0,0,0,0,0,0,0,0,0,69,3,0,0,0,0,0,0
Hair Clinic,الزمالك,0,0,0,0,0,0,0,0,0,0,101,3,0,0,160,6,0,0,0,0,0,0,0,0
Skin Clinic,المهندسين,0,0,125,6,0,0,0,0,146,3,0,0,0,0,0,0,63,3,0,0,0,0,0,0
Acetone & Rose water & Joli Eva,المهندسين,0,0,0,0,0,0,0,0,0,0,0,0,125,12,0,0,0,0,0,0,0,0,0,0
Eva Care,مصر الجديدة,0,0,185,4,153,6,153,6,0,0,0,0,0,0,0,0,0,0,0,0,0,0,0,0
Glow,المهندسين,0,0,0,0,0,0,0,0,0,0,0,0,0,0,0,0,125,9,0,0,0,0,0,0
GPC,المهندسين,0,0,0,0,0,0,0,0,0,0,83,12,0,0,0,0,146,15,103,15,0,0,0,0
Hair Clinic,الزمالك,0,0,0,0,0,0,0,0,0,0,188,6,0,0,153,3,0,0,0,0,0,0,0,0
Recipe,الزمالك,0,0,333,12,0,0,0,0,0,0,0,0,0,0,0,0,0,0,170,6,0,0,0,0
Skin Clinic,المهندسين,125,6,0,0,0,0,0,0,146,3,0,0,0,0,0,0,0,0,0,0,0,0,0,0
Sun & Sea,المهندسين,0,0,0,0,0,0,0,0,0,0,0,0,0,0,125,3,0,0,0,0,0,0,0,0
Acetone & Rose water & Joli Eva,المهندسين,0,0,0,0,8,0.5,0,0,0,0,0,0,750,72,0,0,0,0,0,0,0,0,750,72
Eva Care,مصر الجديدة,1108,24,445,19,4297,171,3477,120,3041,85,76,3,2714,92,2329,71,724,28,0,0,110,6.5,333,15
Glow,المهندسين,0,0,0,0,327,21,208,9,3543,255,0,0,333,24,38,3,83,6,625,27,0,0,0,0
GPC,المهندسين,0,0,0,0,0,0,0,0,0,0,0,0,0,0,83,9,0,0,0,0,0,0,0,0
Hair Clinic,الزمالك,205,6,292,6,879,27,1799,54,521,15,299,9,1018,33,198,6,570,15,657,21,104,3,156,6
Other,المهندسين,0,0,625,15,0,0,0,0,0,0,0,0,0,0,0,0,0,0,0,0,0,0,0,0
Skin Clinic,المهندسين,0,0,139,3,1914,42,2053,69,333,15,125,6,379,9,778,21,63,3,125,6,0,0,712,33
Eva Care,مصر الجديدة,0,0,0,0,0,0,185,4,0,0,146,9,0,0,153,6,49,3,0,0,0,0,153,6
Hair Clinic,الزمالك,104,3,153,6,122,3,0,0,0,0,0,0,0,0,104,3,0,0,0,0,0,0,0,0
Recipe,الزمالك,0,0,0,0,0,0,0,0,0,0,0,0,0,0,0,0,0,0,103,3,0,0,0,0
Skin Clinic,المهندسين,63,3,0,0,0,0,0,0,146,3,0,0,0,0,0,0,87,3,0,0,0,0,0,0
Eva Care,مصر الجديدة,0,0,185,4,153,6,153,6,0,0,153,6,139,6,0,0,0,0,153,6,0,0,139,6
Hair Clinic,المهندسين,87,3,0,0,0,0,0,0,0,0,0,0,104,3,0,0,0,0,0,0,0,0,0,0
Man Look Hair Gel,المهندسين,0,0,0,0,0,0,0,0,0,0,0,0,0,0,0,0,23,3,0,0,0,0,0,0
Recipe,الزمالك,0,0,0,0,0,0,0,0,0,0,0,0,0,0,0,0,0,0,0,0,142,6,0,0
Skin Clinic,المهندسين,83,3,0,0,0,0,0,0,146,3,0,0,0,0,0,0,87,3,0,0,0,0,0,0
Eva Care,مصر الجديدة,0,0,0,0,0,0,185,4,0,0,49,3,0,0,0,0,49,3,0,0,0,0,0,0
Glow,المهندسين,0,0,0,0,139,6,0,0,0,0,0,0,0,0,0,0,0,0,0,0,0,0,0,0
Hair Clinic,المهندسين,0,0,156,6,0,0,0,0,0,0,87,3,0,0,104,3,0,0,0,0,0,0,0,0
Recipe,الزمالك,0,0,0,0,0,0,0,0,0,0,0,0,0,0,0,0,0,0,103,3,0,0,0,0
Skin Clinic,المهندسين,125,6,0,0,0,0,0,0,146,3,0,0,0,0,0,0,87,3,0,0,0,0,125,6
Eva Care,المهندسين,185,4,185,4,153,6,153,6,0,0,153,6,139,6,189,4,189,4,104,6,49,3,0,0
Hair Clinic,المهندسين,0,0,0,0,0,0,0,0,0,0,0,0,0,0,0,0,0,0,0,0,69,3,104,3
Skin Clinic,المهندسين,0,0,0,0,0,0,0,0,146,3,0,0,0,0,0,0,0,0,0,0,0,0,0,0
Eva Care,المهندسين,0,0,0,0,185,4,153,6,0,0,0,0,139,6,0,0,0,0,0,0,0,0,181,12
Glow,المهندسين,167,12,0,0,0,0,0,0,0,0,0,0,0,0,0,0,0,0,0,0,0,0,0,0
Hair Clinic,المهندسين,0,0,0,0,0,0,0,0,0,0,0,0,0,0,104,3,0,0,122,3,0,0,0,0
Skin Clinic,المهندسين,0,0,146,3,0,0,0,0,146,3,0,0,0,0,0,0,0,0,0,0,0,0,0,0
Acetone & Rose water & Joli Eva,المهندسين,0,0,0,0,0,0,0,0,0,0,0,0,250,24,0,0,0,0,0,0,0,0,0,0
Eva Care,المهندسين,0,0,0,0,0,0,153,6,0,0,0,0,0,0,0,0,0,0,0,0,0,0,0,0
Glow,المهندسين,0,0,12,0.5,0,0,0,0,0,0,0,0,0,0,0,0,0,0,0,0,0,0,0,0
Hair Clinic,المهندسين,0,0,94,3,0,0,0,0,0,0,0,0,0,0,0,0,0,0,0,0,0,0,0,0
Skin Clinic,المهندسين,0,0,63,3,0,0,0,0,146,3,0,0,0,0,125,6,139,3,0,0,0,0,0,0
Acetone & Rose water & Joli Eva,المهندسين,0,0,0,0,0,0,0,0,0,0,0,0,125,12,0,0,94,9,0,0,0,0,0,0
Eva Care,المهندسين,149,9,0,0,153,6,153,6,0,0,0,0,0,0,189,4,76,3,0,0,0,0,0,0
Hair Clinic,المهندسين,0,0,139,6,0,0,0,0,0,0,0,0,0,0,0,0,0,0,0,0,0,0,0,0
Eva Care,المهندسين,0,0,0,0,185,4,153,6,0,0,0,0,139,6,0,0,0,0,135,9,0,0,181,12
Glow,المهندسين,0,0,0,0,0,0,0,0,0,0,0,0,0,0,0,0,0,0,0,0,38,3,0,0
Hair Clinic,المهندسين,0,0,122,3,0,0,0,0,0,0,0,0,0,0,0,0,0,0,0,0,122,3,0,0
Skin Clinic,المهندسين,0,0,0,0,0,0,0,0,146,3,0,0,0,0,0,0,0,0,0,0,0,0,0,0
Acetone & Rose water & Joli Eva,المهندسين,0,0,0,0,0,0,0,0,0,0,0,0,125,12,0,0,0,0,0,0,0,0,0,0
Eva Care,المهندسين,0,0,0,0,369,8,45,3,0,0,0,0,0,0,0,0,49,3,0,0,0,0,0,0
Glow,المهندسين,167,12,0,0,0,0,0,0,0,0,0,0,0,0,139,6,69,3,0,0,0,0,0,0
Hair Clinic,المهندسين,0,0,122,3,0,0,80,3,0,0,0,0,0,0,0,0,0,0,0,0,0,0,0,0
Skin Clinic,المهندسين,0,0,0,0,0,0,0,0,146,3,0,0,0,0,0,0,0,0,0,0,0,0,0,0
Eva Care,المهندسين,185,4,185,4,153,6,153,6,0,0,153,6,0,0,342,10,189,4,0,0,49,3,0,0
Hair Clinic,الوراق,0,0,0,0,0,0,0,0,0,0,0,0,0,0,0,0,0,0,0,0,69,3,104,3
Skin Clinic,مصر الجديدة,0,0,0,0,0,0,0,0,146,3,0,0,0,0,0,0,0,0,146,3,0,0,0,0
Acetone & Rose water & Joli Eva,مصر الجديدة,0,0,0,0,0,0,0,0,0,0,0,0,125,12,0,0,0,0,0,0,0,0,0,0
Eva Care,الوراق,0,0,0,0,369,8,49,3,0,0,0,0,0,0,0,0,189,4,0,0,0,0,0,0
Glow,الوراق,167,12,0,0,0,0,0,0,0,0,0,0,0,0,0,0,0,0,0,0,0,0,0,0
Hair Clinic,الوراق,0,0,0,0,0,0,101,3,0,0,0,0,0,0,0,0,0,0,0,0,0,0,0,0
Skin Clinic,مصر الجديدة,0,0,139,3,0,0,0,0,0,0,0,0,0,0,188,9,0,0,0,0,0,0,0,0
Eva Care,المهندسين,0,0,0,0,0,0,185,4,0,0,0,0,139,6,0,0,189,4,0,0,45,3,0,0
Glow,المهندسين,0,0,129,9,219,12,0,0,0,0,0,0,0,0,0,0,0,0,0,0,87,6,0,0
Hair Clinic,الوراق,0,0,0,0,80,3,0,0,0,0,188,6,0,0,0,0,0,0,0,0,0,0,104,3
Recipe,الزمالك,0,0,0,0,0,0,0,0,167,6,0,0,0,0,0,0,0,0,0,0,0,0,0,0
Skin Clinic,مصر الجديدة,125,6,125,6,0,0,0,0,0,0,0,0,0,0,0,0,0,0,146,3,0,0,0,0
Eva Care,المهندسين,0,0,0,0,185,4,153,6,0,0,0,0,0,0,0,0,49,3,0,0,0,0,0,0
Glow,المهندسين,0,0,139,6,0,0,0,0,0,0,0,0,0,0,139,6,69,3,0,0,0,0,0,0
Hair Clinic,الوراق,0,0,122,3,0,0,0,0,0,0,0,0,0,0,104,3,0,0,0,0,0,0,0,0
Eva Care,المهندسين,0,0,0,0,153,6,306,12,0,0,0,0,139,6,153,6,0,0,90,6,0,0,181,12
Glow,المهندسين,0,0,0,0,0,0,0,0,0,0,0,0,0,0,0,0,0,0,42,3,0,0,0,0
Hair Clinic,مصر الجديدة,104,3,139,6,0,0,0,0,0,0,0,0,0,0,104,3,0,0,0,0,0,0,0,0
Skin Clinic,مصر الجديدة,63,3,0,0,0,0,0,0,0,0,0,0,0,0,0,0,0,0,0,0,0,0,0,0
Eva Care,المهندسين,185,4,185,4,185,4,153,6,0,0,0,0,0,0,0,0,189,4,0,0,0,0,0,0
Hair Clinic,مصر الجديدة,0,0,0,0,0,0,0,0,0,0,104,3,0,0,0,0,0,0,0,0,0,0,104,3
Recipe,الزمالك,0,0,0,0,0,0,0,0,0,0,0,0,0,0,0,0,0,0,103,3,0,0,0,0
Skin Clinic,مصر الجديدة,0,0,0,0,0,0,0,0,146,3,0,0,0,0,0,0,0,0,0,0,0,0,0,0
Eva Care,المهندسين,0,0,0,0,49,3,0,0,0,0,0,0,0,0,0,0,189,4,153,6,189,4,0,0
Glow,المهندسين,125,9,0,0,69,3,0,0,0,0,0,0,0,0,0,0,0,0,0,0,0,0,0,0
Hair Clinic,مصر الجديدة,0,0,122,3,0,0,0,0,0,0,111,3,0,0,0,0,0,0,0,0,0,0,0,0
Skin Clinic,مصر الجديدة,0,0,0,0,0,0,0,0,146,3,0,0,0,0,139,3,0,0,0,0,0,0,125,6
Eva Care,المهندسين,185,4,185,4,185,4,153,6,0,0,153,6,0,0,0,0,189,4,153,6,153,6,0,0
Hair Clinic,مصر الجديدة,0,0,0,0,0,0,0,0,0,0,0,0,104,3,104,3,0,0,0,0,0,0,0,0
Skin Clinic,مصر الجديدة,0,0,0,0,0,0,0,0,146,3,0,0,0,0,0,0,0,0,0,0,0,0,125,6
Acetone & Rose water & Joli Eva,مصر الجديدة,0,0,0,0,0,0,0,0,0,0,0,0,125,12,0,0,0,0,0,0,0,0,0,0
Eva Care,المهندسين,0,0,97,6,0,0,153,6,0,0,0,0,0,0,0,0,0,0,0,0,0,0,0,0
Glow,المهندسين,0,0,208,9,59,3,0,0,0,0,0,0,0,0,135,9,0,0,0,0,0,0,0,0
Hair Clinic,مصر الجديدة,0,0,0,0,94,3,0,0,0,0,0,0,0,0,0,0,0,0,0,0,0,0,0,0
Skin Clinic,مصر الجديدة,0,0,146,3,0,0,0,0,146,3,0,0,0,0,0,0,139,3,0,0,0,0,0,0
Eva Care,المهندسين,0,0,49,3,185,4,135,9,0,0,153,6,139,6,0,0,0,0,153,6,0,0,0,0
Glow,المهندسين,167,12,0,0,0,0,0,0,0,0,0,0,0,0,0,0,0,0,0,0,0,0,0,0
Hair Clinic,مصر الجديدة,0,0,80,3,0,0,0,0,0,0,0,0,0,0,0,0,153,3,0,0,122,3,0,0
Skin Clinic,مصر الجديدة,0,0,0,0,0,0,0,0,146,3,0,0,0,0,0,0,0,0,0,0,0,0,146,3
Acetone & Rose water & Joli Eva,مصر الجديدة,0,0,0,0,0,0,0,0,28,3,0,0,0,0,0,0,0,0,0,0,0,0,0,0
Eva Care,الوراق,0,0,49,3,0,0,49,3,0,0,0,0,139,6,189,4,189,4,0,0,49,3,0,0
Glow,الوراق,167,12,0,0,69,3,0,0,0,0,0,0,0,0,0,0,0,0,0,0,0,0,0,0
Hair Clinic,مصر الجديدة,0,0,0,0,83,3,101,3,111,3,188,6,0,0,0,0,0,0,104,3,69,3,104,3
Skin Clinic,مصر الجديدة,0,0,83,3,0,0,0,0,0,0,0,0,0,0,0,0,0,0,0,0,0,0,0,0
Acetone & Rose water & Joli Eva,مصر الجديدة,0,0,0,0,0,0,0,0,0,0,0,0,125,12,0,0,0,0,0,0,0,0,0,0
Eva Care,الوراق,174,12,0,0,153,6,153,6,0,0,0,0,0,0,189,4,0,0,0,0,0,0,0,0
Hair Clinic,مصر الجديدة,0,0,0,0,0,0,0,0,0,0,0,0,0,0,160,6,0,0,0,0,0,0,0,0
Eva Care,مصر الجديدة,0,0,76,6,0,0,153,6,0,0,0,0,139,6,0,0,189,4,0,0,125,6,135,9
Glow,مصر الجديدة,0,0,0,0,59,3,0,0,0,0,0,0,0,0,0,0,0,0,125,9,0,0,0,0
GPC,مصر الجديدة,0,0,78,24,0,0,0,0,0,0,0,0,0,0,0,0,0,0,0,0,0,0,0,0
Hair Clinic,مصر الجديدة,0,0,174,6,94,3,0,0,0,0,188,6,0,0,0,0,0,0,0,0,0,0,0,0
Skin Clinic,مصر الجديدة,0,0,0,0,0,0,0,0,146,3,0,0,0,0,0,0,0,0,0,0,0,0,0,0
Eva Care,مصر الجديدة,0,0,0,0,0,0,153,6,0,0,153,6,139,6,0,0,342,10,0,0,0,0,0,0
Glow,مصر الجديدة,167,12,0,0,122,6,0,0,0,0,0,0,0,0,45,3,0,0,139,6,0,0,0,0
GPC,مصر الجديدة,0,0,21,3,0,0,0,0,21,3,0,0,0,0,0,0,0,0,0,0,0,0,0,0
Hair Clinic,مصر الجديدة,0,0,0,0,177,6,0,0,104,3,0,0,0,0,0,0,0,0,0,0,153,3,0,0
Skin Clinic,مصر الجديدة,0,0,295,9,0,0,0,0,0,0,0,0,0,0,63,3,0,0,0,0,0,0,146,3
Eva Care,مصر الجديدة,0,0,0,0,0,0,49,3,0,0,0,0,0,0,0,0,189,4,189,4,0,0,0,0
Glow,مصر الجديدة,167,12,0,0,69,3,0,0,0,0,0,0,0,0,0,0,0,0,0,0,0,0,0,0
GPC,مصر الجديدة,0,0,0,0,0,0,0,0,146,15,0,0,0,0,0,0,0,0,0,0,0,0,0,0
Hair Clinic,مصر الجديدة,0,0,0,0,83,3,101,3,0,0,104,3,0,0,0,0,0,0,0,0,0,0,0,0
Recipe,الزمالك,0,0,0,0,0,0,0,0,0,0,0,0,0,0,0,0,0,0,0,0,0,0,142,6
Skin Clinic,مصر الجديدة,0,0,146,3,0,0,0,0,0,0,0,0,0,0,0,0,0,0,0,0,0,0,0,0
Eva Care,مصر الجديدة,185,4,185,4,185,4,153,6,0,0,69,3,0,0,0,0,189,4,189,4,0,0,189,4
Hair Clinic,مصر الجديدة,0,0,0,0,0,0,0,0,0,0,83,3,0,0,0,0,0,0,0,0,0,0,0,0
Skin Clinic,مصر الجديدة,0,0,0,0,0,0,0,0,146,3,0,0,0,0,0,0,0,0,0,0,0,0,0,0
Eva Care,مصر الجديدة,195,12,0,0,174,9,153,6,0,0,153,6,139,6,0,0,0,0,0,0,97,6,0,0
Glow,مصر الجديدة,0,0,0,0,0,0,0,0,0,0,0,0,0,0,0,0,0,0,139,6,0,0,0,0
Hair Clinic,مصر الجديدة,0,0,122,3,0,0,0,0,0,0,0,0,0,0,0,0,104,3,0,0,0,0,101,3
Skin Clinic,مصر الجديدة,0,0,0,0,0,0,0,0,146,3,0,0,0,0,0,0,0,0,0,0,63,3,0,0
Acetone & Rose water & Joli Eva,مصر الجديدة,0,0,0,0,0,0,0,0,0,0,0,0,125,12,0,0,0,0,0,0,0,0,0,0
Eva Care,مصر الجديدة,0,0,0,0,49,3,49,3,0,0,0,0,0,0,0,0,189,4,0,0,0,0,0,0
Glow,مصر الجديدة,167,12,0,0,0,0,0,0,0,0,0,0,0,0,139,6,0,0,0,0,0,0,0,0
Hair Clinic,مصر الجديدة,0,0,0,0,83,3,101,3,0,0,0,0,0,0,0,0,0,0,0,0,0,0,0,0
Skin Clinic,مصر الجديدة,0,0,146,3,0,0,0,0,0,0,0,0,0,0,0,0,0,0,0,0,0,0,0,0
Sun & Sea,مصر الجديدة,0,0,0,0,0,0,0,0,125,3,0,0,0,0,0,0,0,0,0,0,0,0,0,0
Acetone & Rose water & Joli Eva,مصر الجديدة,0,0,0,0,0,0,0,0,0,0,0,0,125,12,0,0,0,0,0,0,0,0,0,0
Eva Care,مصر الجديدة,185,4,185,4,153,6,153,6,0,0,0,0,0,0,189,4,69,3,0,0,0,0,0,0
Glow,مصر الجديدة,0,0,0,0,0,0,0,0,0,0,0,0,0,0,0,0,69,3,0,0,0,0,0,0
Skin Clinic,مصر الجديدة,146,3,0,0,0,0,0,0,292,6,0,0,0,0,0,0,0,0,0,0,0,0,0,0
Eva Care,مصر الجديدة,69,3,185,4,153,6,153,6,0,0,153,6,0,0,0,0,189,4,0,0,0,0,135,9
Glow,مصر الجديدة,0,0,0,0,0,0,0,0,0,0,0,0,0,0,0,0,0,0,125,9,0,0,0,0
Hair Clinic,مصر الجديدة,0,0,0,0,0,0,0,0,0,0,201,6,0,0,0,0,0,0,0,0,0,0,0,0
Skin Clinic,مصر الجديدة,83,3,0,0,0,0,0,0,0,0,0,0,0,0,0,0,0,0,0,0,146,3,0,0
Eva Care,مصر الجديدة,0,0,0,0,76,3,306,12,0,0,153,6,431,18,0,0,189,4,189,4,0,0,0,0
Glow,مصر الجديدة,0,0,0,0,94,6,0,0,0,0,0,0,0,0,0,0,0,0,139,6,0,0,0,0
Hair Clinic,مصر الجديدة,0,0,122,3,94,3,0,0,0,0,0,0,0,0,208,6,0,0,0,0,0,0,267,9
Skin Clinic,مصر الجديدة,153,3,146,3,0,0,0,0,438,9,0,0,0,0,0,0,0,0,0,0,0,0,0,0
Eva Care,مصر الجديدة,45,3,0,0,185,4,153,6,0,0,0,0,139,6,189,4,0,0,189,4,0,0,0,0
Hair Clinic,مصر الجديدة,80,3,122,3,0,0,0,0,0,0,0,0,0,0,0,0,0,0,0,0,0,0,167,6
Skin Clinic,مصر الجديدة,0,0,0,0,0,0,0,0,146,3,0,0,0,0,0,0,0,0,0,0,0,0,0,0
Acetone & Rose water & Joli Eva,مصر الجديدة,0,0,0,0,0,0,0,0,0,0,0,0,125,12,0,0,0,0,0,0,0,0,0,0
Eva Care,مصر الجديدة,185,4,185,4,185,4,153,6,0,0,0,0,0,0,0,0,0,0,0,0,0,0,0,0
Glow,مصر الجديدة,0,0,0,0,0,0,0,0,0,0,0,0,0,0,135,9,0,0,0,0,0,0,0,0
Skin Clinic,مصر الجديدة,0,0,0,0,0,0,0,0,146,3,0,0,0,0,0,0,125,6,0,0,0,0,0,0
Acetone & Rose water & Joli Eva,مصر الجديدة,0,0,0,0,0,0,0,0,0,0,0,0,0,0,0,0,125,12,0,0,0,0,0,0
Eva Care,مصر الجديدة,0,0,185,4,153,6,153,6,0,0,0,0,0,0,0,0,0,0,0,0,0,0,0,0
Glow,مصر الجديدة,69,3,0,0,0,0,0,0,0,0,0,0,0,0,0,0,0,0,0,0,0,0,0,0
GPC,الوراق,0,0,0,0,29,9,0,0,0,0,0,0,0,0,0,0,0,0,0,0,0,0,0,0
Hair Clinic,مصر الجديدة,0,0,0,0,0,0,0,0,0,0,205,6,0,0,104,3,0,0,101,3,0,0,104,3
Recipe,الزمالك,0,0,0,0,851,30,0,0,0,0,0,0,0,0,0,0,0,0,0,0,0,0,0,0
Skin Clinic,مصر الجديدة,0,0,0,0,0,0,0,0,146,3,0,0,0,0,0,0,0,0,0,0,0,0,0,0
Spotless,الوراق,95,6,0,0,0,0,0,0,0,0,0,0,0,0,0,0,0,0,0,0,0,0,0,0
Sun & Sea,مصر الجديدة,0,0,0,0,0,0,125,3,0,0,0,0,0,0,0,0,0,0,0,0,0,0,0,0
Eva Care,الزمالك,608,34.5,2179,57,2793,75,4269,105,556,30,3573,109.5,6183,147.5,16314,427.5,21823,537,12306,379,5383,152.5,6315,199.5
Glow,الوراق,635,36,1389,60,0,0,289,12.5,261,18,421,20,213,14,560,29.5,877,42.5,1024,51,56,4,537,28
GPC,الوراق,0,0,0,0,0,0,0,0,0,0,0,0,0,0,0,0,0,0,0,0,0,0,0,0
Hair Clinic,مصر الجديدة,681,21,159,6,306,10.5,328,12,749,23,321,9,785,21,1218,40.5,1308,34.5,969,30,632,24,417,12
Man Look Expert,الوراق,0,0,0,0,0,0,0,0,0,0,0,0,0,0,0,0,167,6,0,0,0,0,0,0
Recipe,الزمالك,0,0,0,0,0,0,0,0,0,0,0,0,0,0,0,0,0,0,2991,122.5,543,23,0,0
Skin Clinic,مصر الجديدة,962,29.5,1421,64.5,702,15,283,13,1006,28.5,797,25.5,919,24,1466,41.5,1793,49,2608,73.5,705,19.5,2004,75.5
Acetone & Rose water & Joli Eva,مصر الجديدة,0,0,0,0,0,0,0,0,0,0,0,0,125,12,0,0,0,0,0,0,0,0,0,0
Eva Care,الزمالك,0,0,0,0,185,4,185,4,0,0,0,0,0,0,189,4,0,0,0,0,0,0,0,0
Glow,الوراق,167,12,0,0,0,0,0,0,0,0,0,0,0,0,139,6,139,6,0,0,0,0,0,0
Hair Clinic,الوراق,0,0,0,0,0,0,0,0,0,0,0,0,0,0,0,0,0,0,0,0,0,0,101,3
Skin Clinic,مصر الجديدة,0,0,146,3,0,0,0,0,0,0,0,0,0,0,0,0,0,0,0,0,0,0,0,0
Sun & Sea,مصر الجديدة,0,0,0,0,0,0,0,0,125,3,0,0,0,0,0,0,0,0,0,0,0,0,0,0
Eva Care,الزمالك,0,0,0,0,185,4,185,4,0,0,0,0,153,6,0,0,189,4,0,0,76,3,52,3
Glow,الوراق,0,0,0,0,0,0,0,0,0,0,0,0,0,0,0,0,0,0,139,6,69,3,76,6
Hair Clinic,الوراق,0,0,160,6,0,0,0,0,0,0,122,3,0,0,292,9,0,0,0,0,0,0,0,0
Recipe,الزمالك,0,0,0,0,0,0,0,0,167,6,0,0,0,0,0,0,0,0,0,0,0,0,0,0
Skin Clinic,مصر الجديدة,146,3,0,0,0,0,0,0,0,0,0,0,0,0,0,0,0,0,0,0,0,0,0,0
Eva Care,الزمالك,0,0,0,0,0,0,153,6,0,0,0,0,0,0,0,0,76,3,189,4,0,0,0,0
GPC,الوراق,21,3,0,0,0,0,0,0,0,0,0,0,0,0,0,0,0,0,0,0,0,0,0,0
Hair Clinic,الوراق,122,3,122,3,0,0,0,0,0,0,101,3,0,0,0,0,0,0,0,0,0,0,0,0
Skin Clinic,مصر الجديدة,0,0,0,0,0,0,0,0,146,3,0,0,0,0,0,0,63,3,0,0,0,0,0,0
Acetone & Rose water & Joli Eva,مصر الجديدة,0,0,0,0,0,0,0,0,0,0,0,0,0,0,0,0,0,0,125,12,0,0,0,0
Eva Care,الزمالك,0,0,185,4,153,6,153,6,0,0,0,0,153,6,0,0,0,0,0,0,189,4,0,0
Glow,الوراق,139,6,0,0,0,0,0,0,0,0,0,0,0,0,0,0,0,0,0,0,0,0,0,0
Hair Clinic,الوراق,0,0,0,0,0,0,0,0,0,0,0,0,0,0,104,3,0,0,0,0,0,0,0,0
Skin Clinic,مصر الجديدة,0,0,0,0,0,0,0,0,0,0,125,6,0,0,0,0,0,0,0,0,0,0,0,0
Acetone & Rose water & Joli Eva,مصر الجديدة,0,0,0,0,0,0,0,0,0,0,0,0,0,0,0,0,125,12,0,0,0,0,0,0
Eva Care,الزمالك,90,6,185,4,185,4,153,6,0,0,0,0,0,0,0,0,0,0,0,0,0,0,0,0
Glow,الوراق,59,3,0,0,0,0,0,0,0,0,0,0,0,0,0,0,0,0,0,0,0,0,0,0
Hair Clinic,الوراق,0,0,0,0,0,0,0,0,0,0,101,3,0,0,104,3,0,0,101,3,0,0,104,3
Skin Clinic,مصر الجديدة,0,0,0,0,0,0,0,0,146,3,0,0,0,0,0,0,0,0,0,0,0,0,0,0
Acetone & Rose water & Joli Eva,مصر الجديدة,0,0,0,0,0,0,0,0,0,0,0,0,0,0,0,0,0,0,0,0,924,78,420,39
Baby,الوراق,0,0,0,0,0,0,0,0,0,0,0,0,0,0,0,0,0,0,0,0,654,48,0,0
Eva Care,الزمالك,0,0,0,0,0,0,0,0,0,0,0,0,0,0,0,0,0,0,0,0,12606,460,5893,267
Glow,الوراق,0,0,0,0,0,0,0,0,0,0,0,0,0,0,0,0,0,0,0,0,1834,108,201,12
GPC,الوراق,0,0,0,0,0,0,0,0,0,0,0,0,0,0,0,0,0,0,0,0,250,36,167,12
Hair Clinic,الوراق,0,0,0,0,0,0,0,0,0,0,0,0,0,0,0,0,0,0,0,0,1508,42,2258,69
One Classic,الوراق,0,0,0,0,0,0,0,0,0,0,0,0,0,0,0,0,0,0,0,0,127,24,0,0
Recipe,الزمالك,0,0,0,0,0,0,0,0,0,0,0,0,0,0,0,0,0,0,0,0,2787,96,930,27
Skin Clinic,مصر الجديدة,0,0,0,0,0,0,0,0,0,0,0,0,0,0,0,0,0,0,0,0,1598,50,3039,132
Eva Care,الزمالك,0,0,185,4,185,4,153,6,0,0,0,0,0,0,0,0,189,4,153,6,306,12,0,0
Glow,الوراق,0,0,0,0,0,0,0,0,0,0,0,0,0,0,139,6,0,0,0,0,0,0,0,0
Hair Clinic,الوراق,153,6,0,0,0,0,0,0,0,0,139,3,104,3,153,3,0,0,0,0,0,0,0,0
Skin Clinic,مصر الجديدة,0,0,0,0,0,0,0,0,146,3,0,0,0,0,0,0,0,0,0,0,0,0,125,6
Eva Care,الزمالك,135,9,69,3,185,4,185,4,0,0,0,0,0,0,0,0,189,4,153,6,0,0,0,0
Glow,الوراق,0,0,0,0,0,0,0,0,0,0,0,0,0,0,139,6,0,0,0,0,0,0,0,0
Hair Clinic,الوراق,0,0,0,0,0,0,0,0,0,0,139,3,0,0,0,0,0,0,0,0,0,0,0,0
Recipe,الوراق,0,0,0,0,0,0,0,0,174,6,0,0,0,0,0,0,0,0,0,0,0,0,0,0
Skin Clinic,مصر الجديدة,0,0,63,3,0,0,0,0,0,0,0,0,0,0,0,0,0,0,0,0,0,0,125,6
Acetone & Rose water & Joli Eva,مصر الجديدة,0,0,0,0,0,0,0,0,0,0,0,0,125,12,0,0,0,0,0,0,0,0,0,0
Eva Care,الزمالك,0,0,0,0,185,4,135,9,0,0,0,0,0,0,0,0,0,0,0,0,0,0,0,0
Glow,الوراق,167,12,0,0,0,0,0,0,0,0,0,0,0,0,139,6,0,0,0,0,0,0,0,0
Hair Clinic,الوراق,0,0,0,0,0,0,0,0,0,0,0,0,0,0,0,0,160,6,0,0,0,0,0,0
Skin Clinic,مصر الجديدة,0,0,278,6,0,0,0,0,146,3,0,0,0,0,125,6,0,0,0,0,0,0,0,0
Acetone & Rose water & Joli Eva,مصر الجديدة,0,0,0,0,0,0,0,0,0,0,0,0,125,12,0,0,0,0,0,0,0,0,0,0
Eva Care,الزمالك,0,0,185,4,76,3,153,6,0,0,0,0,0,0,189,4,0,0,0,0,0,0,0,0
Glow,الوراق,0,0,0,0,69,3,0,0,0,0,0,0,0,0,0,0,139,6,0,0,0,0,0,0
Skin Clinic,مصر الجديدة,0,0,0,0,0,0,0,0,292,6,0,0,0,0,0,0,0,0,0,0,0,0,0,0
Eva Care,الزمالك,0,0,185,4,185,4,153,6,0,0,38,3,153,6,153,6,189,4,0,0,189,4,0,0
Glow,الوراق,0,0,0,0,0,0,0,0,0,0,69,3,0,0,0,0,0,0,0,0,0,0,0,0
Hair Clinic,الوراق,160,6,0,0,0,0,0,0,0,0,0,0,0,0,0,0,0,0,188,6,0,0,122,3
Skin Clinic,مصر الجديدة,0,0,0,0,0,0,0,0,146,3,0,0,0,0,146,3,0,0,0,0,0,0,0,0
B-white,مصر الجديدة,0,0,56,6,0,0,0,0,0,0,0,0,0,0,0,0,0,0,0,0,0,0,0,0
Eva Care,الوراق,0,0,0,0,261,7,0,0,0,0,0,0,0,0,0,0,49,3,189,4,0,0,0,0
Glow,الوراق,0,0,76,6,0,0,0,0,0,0,0,0,0,0,0,0,0,0,0,0,0,0,0,0
Hair Clinic,الوراق,104,3,0,0,76,3,0,0,0,0,101,3,0,0,0,0,0,0,0,0,0,0,104,3
Recipe,الوراق,0,0,0,0,0,0,0,0,174,6,0,0,0,0,0,0,0,0,0,0,0,0,0,0
Skin Clinic,مصر الجديدة,63,3,0,0,0,0,146,6,0,0,0,0,0,0,0,0,87,3,0,0,0,0,0,0
Acetone & Rose water & Joli Eva,مصر الجديدة,0,0,0,0,0,0,0,0,0,0,0,0,125,12,0,0,0,0,0,0,0,0,0,0
B-white,الوراق,56,6,0,0,0,0,0,0,0,0,0,0,0,0,0,0,0,0,0,0,0,0,0,0
Glow,الوراق,0,0,0,0,118,6,0,0,0,0,0,0,0,0,0,0,0,0,0,0,0,0,0,0
Hair Clinic,الزمالك,76,3,122,3,0,0,0,0,0,0,0,0,0,0,0,0,0,0,0,0,0,0,0,0
Skin Clinic,مصر الجديدة,0,0,0,0,0,0,0,0,146,3,0,0,0,0,139,3,125,6,0,0,0,0,0,0
Eva Care,الوراق,0,0,185,4,153,6,153,6,0,0,0,0,139,6,189,4,0,0,189,4,0,0,0,0
Glow,الوراق,0,0,0,0,111,6,0,0,0,0,0,0,0,0,0,0,0,0,0,0,0,0,0,0
Hair Clinic,الزمالك,0,0,0,0,0,0,0,0,0,0,0,0,0,0,0,0,0,0,0,0,0,0,167,6
Skin Clinic,الوراق,0,0,0,0,0,0,0,0,146,3,0,0,0,0,0,0,0,0,0,0,0,0,0,0
Eva Care,الوراق,0,0,185,4,76,3,153,6,0,0,0,0,153,6,153,6,189,4,0,0,189,4,0,0
Glow,الوراق,0,0,0,0,69,3,0,0,0,0,139,6,0,0,0,0,0,0,0,0,0,0,0,0
Hair Clinic,الزمالك,0,0,0,0,0,0,0,0,0,0,0,0,0,0,0,0,0,0,188,6,0,0,122,3
Skin Clinic,الوراق,0,0,0,0,0,0,0,0,146,3,0,0,0,0,0,0,0,0,0,0,0,0,0,0
Acetone & Rose water & Joli Eva,الوراق,0,0,0,0,0,0,0,0,0,0,0,0,0,0,0,0,125,12,0,0,0,0,0,0
Eva Care,الوراق,0,0,90,6,185,4,185,4,0,0,0,0,153,6,153,6,0,0,0,0,153,6,0,0
Glow,الوراق,0,0,59,3,0,0,0,0,0,0,0,0,0,0,0,0,0,0,0,0,0,0,0,0
Hair Clinic,الزمالك,0,0,0,0,0,0,0,0,0,0,0,0,0,0,0,0,0,0,0,0,0,0,104,3
Recipe,الوراق,0,0,0,0,0,0,0,0,0,0,0,0,0,0,0,0,0,0,142,6,0,0,0,0
Skin Clinic,الوراق,167,6,0,0,0,0,125,6,146,3,139,3,0,0,0,0,0,0,0,0,0,0,0,0
Acetone & Rose water & Joli Eva,الوراق,0,0,0,0,0,0,0,0,0,0,0,0,125,12,0,0,125,12,0,0,0,0,0,0
B-white,الزمالك,56,6,0,0,0,0,0,0,0,0,0,0,0,0,0,0,0,0,0,0,0,0,0,0
Eva Care,الوراق,0,0,0,0,0,0,0,0,0,0,0,0,0,0,189,4,0,0,0,0,0,0,0,0
Hair Clinic,الزمالك,80,3,122,3,0,0,0,0,0,0,101,3,0,0,0,0,0,0,0,0,0,0,0,0
Recipe,الوراق,0,0,0,0,0,0,0,0,0,0,0,0,0,0,0,0,0,0,142,6,0,0,0,0
Skin Clinic,الوراق,0,0,0,0,0,0,0,0,292,6,0,0,0,0,0,0,0,0,0,0,0,0,125,6
Acetone & Rose water & Joli Eva,الوراق,0,0,0,0,0,0,0,0,0,0,0,0,0,0,0,0,125,12,0,0,0,0,0,0
Eva Care,الوراق,0,0,118,6,185,4,185,4,0,0,0,0,0,0,0,0,0,0,97,6,0,0,0,0
Glow,الوراق,167,12,0,0,0,0,0,0,0,0,0,0,0,0,0,0,0,0,0,0,0,0,0,0
Hair Clinic,الزمالك,0,0,0,0,0,0,0,0,0,0,101,3,0,0,0,0,0,0,80,3,0,0,0,0
Skin Clinic,الوراق,0,0,149,6,0,0,0,0,146,3,0,0,0,0,0,0,0,0,0,0,0,0,0,0
Eva Care,الوراق,0,0,0,0,338,10,153,6,0,0,139,6,0,0,0,0,0,0,153,6,104,6,146,9
Glow,الوراق,167,9,0,0,0,0,0,0,0,0,0,0,0,0,0,0,0,0,0,0,0,0,0,0
Hair Clinic,الزمالك,0,0,122,3,0,0,0,0,0,0,0,0,104,3,0,0,0,0,0,0,0,0,0,0
Skin Clinic,الوراق,0,0,0,0,0,0,0,0,146,3,0,0,0,0,0,0,0,0,0,0,0,0,0,0
Acetone & Rose water & Joli Eva,الوراق,0,0,0,0,63,6,0,0,0,0,0,0,1876,180,0,0,0,0,0,0,0,0,125,12
Acetone & Rose water & Joli Eva,الوراق,0,0,0,0,0,0,0,0,0,0,0,0,0,0,0,0,1876,180,1876,180,903,60,0,0
Acetone & Rose water & Joli Eva,الوراق,0,0,0,0,448,32.5,0,0,0,0,0,0,0,0,0,0,0,0,0,0,0,0,0,0
Eva Care,الوراق,369,8,382,15,0,0,574,28,2067,87,333,18,3845,165,729,36,1542,37,2990,117,0,0,1888,91
Eva Care,الوراق,0,0,1070,42,6419,252,10470,411,7489,294,4863,210,5349,210,1070,42,9629,378,0,0,0,0,0,0
Eva Care,الوراق,739,16,690,21,5544,153.5,1072,34,1359,55,236,15,4967,195,1329,35,1188,51,514,17,0,0,0,0
Glow,الوراق,0,0,0,0,0,0,80,6,59,3,149,9,38,3,663,39,215,15,327,21,0,0,285,21
Glow,الوراق,0,0,1459,63,0,0,486,21,0,0,2918,126,0,0,0,0,0,0,0,0,0,0,0,0
Glow,الوراق,0,0,59,3,42,3,111,6,288,15,0,0,354,18,38,3,208,15,83,6,0,0,0,0
Hair Clinic,الزمالك,0,0,0,0,1153,39,2960,93,643,21,3015,93,1080,30,1317,42,261,9,2077,66,0,0,563,15
Hair Clinic,الزمالك,521,15,0,0,1223,39,1751,63,0,0,0,0,0,0,0,0,0,0,0,0,695,30,0,0
Hair Clinic,الزمالك,0,0,1007,33,1205,42,2973,93,69,3,563,18,799,24,0,0,552,15,0,0,0,0,1042,30
Skin Clinic,الزمالك,0,0,146,3,1087,42,587,27,504,15,0,0,1105,48,528,15,465,12,813,30,0,0,87,3
Skin Clinic,الزمالك,9796,186,2918,60,0,0,875,18,3939,81,0,0,1563,27,0,0,0,0,0,0,0,0,0,0
Skin Clinic,الزمالك,63,3,542,18,802,27.5,1598,36,2084,48,757,33,1306,27,462,12,333,12,0,0,0,0,333,12
Acetone & Rose water & Joli Eva,امبابة,0,0,0,0,0,0,0,0,0,0,0,0,0,0,0,0,0,0,0,0,0,0,0,0
Eva Care,امبابة,0,0,0,0,0,0,0,0,0,0,0,0,0,0,0,0,0,0,0,0,0,0,0,0
Glow,امبابة,0,0,0,0,0,0,0,0,0,0,0,0,0,0,0,0,0,0,0,0,0,0,0,0
GPC,امبابة,0,0,0,0,0,0,0,0,0,0,0,0,0,0,0,0,0,0,0,0,0,0,0,0
Eva Care,امبابة,49,3,0,0,185,4,153,6,0,0,0,0,0,0,0,0,0,0,0,0,0,0,0,0
Glow,امبابة,83,6,0,0,0,0,0,0,0,0,0,0,0,0,0,0,0,0,0,0,0,0,0,0
Hair Clinic,الزمالك,0,0,122,3,0,0,0,0,0,0,101,3,0,0,104,3,0,0,0,0,0,0,0,0
Skin Clinic,الزمالك,0,0,0,0,0,0,0,0,146,3,0,0,0,0,0,0,139,3,0,0,0,0,0,0
Spotless,امبابة,17,3,0,0,0,0,0,0,0,0,0,0,0,0,0,0,0,0,0,0,0,0,0,0
Eva Care,امبابة,0,0,0,0,0,0,0,0,0,0,0,0,0,0,0,0,0,0,4099,180,4099,180,0,0
Glow,امبابة,0,0,0,0,0,0,0,0,0,0,0,0,0,0,0,0,0,0,0,0,0,0,0,0
Hair Clinic,الزمالك,0,0,0,0,0,0,0,0,0,0,0,0,0,0,0,0,0,0,479,12,479,12,0,0
Acetone & Rose water & Joli Eva,امبابة,181,18,28,3,125,12,94,9,45,4.5,153,15,63,6,181,18,306,30,181,18,125,12,243,24
Glow,امبابة,0,0,0,0,0,0,0,0,0,0,0,0,0,0,0,0,0,0,0,0,0,0,0,0
Man Look,امبابة,0,0,0,0,0,0,0,0,0,0,0,0,0,0,5836,630,0,0,0,0,18841,1332,0,0
Hair Clinic,الزمالك,0,0,0,0,0,0,0,0,0,0,0,0,0,0,0,0,0,0,0,0,0,0,0,0
Recipe,مصر الجديدة,0,0,0,0,0,0,0,0,0,0,0,0,0,0,0,0,0,0,0,0,0,0,0,0
Skin Clinic,الزمالك,0,0,0,0,0,0,0,0,0,0,0,0,0,0,0,0,0,0,0,0,0,0,0,0
Eva Care,امبابة,0,0,185,4,153,6,153,6,0,0,0,0,0,0,153,6,0,0,0,0,0,0,0,0
Glow,امبابة,0,0,0,0,0,0,0,0,0,0,0,0,0,0,0,0,135,9,0,0,0,0,0,0
Hair Clinic,الزمالك,160,6,0,0,0,0,0,0,0,0,101,3,0,0,0,0,0,0,0,0,0,0,0,0
Recipe,مصر الجديدة,0,0,0,0,0,0,0,0,0,0,0,0,0,0,0,0,0,0,142,6,0,0,0,0
Skin Clinic,الزمالك,0,0,0,0,0,0,0,0,146,3,0,0,0,0,0,0,0,0,0,0,0,0,125,6
Eva Care,امبابة,51,2,0,0,153,6,153,6,0,0,0,0,0,0,0,0,0,0,45,3,0,0,0,0
Glow,امبابة,0,0,0,0,0,0,0,0,0,0,0,0,0,0,0,0,69,3,0,0,0,0,0,0
Hair Clinic,الزمالك,139,3,139,6,0,0,0,0,0,0,101,3,0,0,167,6,0,0,0,0,0,0,0,0
Recipe,مصر الجديدة,0,0,0,0,0,0,0,0,0,0,0,0,0,0,0,0,0,0,103,3,0,0,0,0
Skin Clinic,الزمالك,0,0,0,0,0,0,0,0,146,3,0,0,0,0,0,0,63,3,0,0,0,0,0,0
Acetone & Rose water & Joli Eva,امبابة,0,0,0,0,0,0,0,0,0,0,0,0,0,0,0,0,31,3,0,0,0,0,0,0
Eva Care,امبابة,379,16,45,3,369,8,338,10,0,0,97,6,0,0,142,9,0,0,153,6,153,6,0,0
Glow,امبابة,0,0,69,3,0,0,0,0,0,0,56,3,139,6,0,0,69,3,139,6,0,0,0,0
Hair Clinic,الزمالك,0,0,139,6,156,6,0,0,0,0,0,0,0,0,0,0,153,3,0,0,139,3,104,3
Recipe,مصر الجديدة,0,0,0,0,0,0,0,0,0,0,0,0,0,0,0,0,0,0,142,6,0,0,148,6
Skin Clinic,الزمالك,125,6,0,0,0,0,0,0,292,6,0,0,0,0,146,3,0,0,0,0,0,0,0,0
Acetone & Rose water & Joli Eva,امبابة,0,0,0,0,0,0,0,0,0,0,0,0,125,12,0,0,0,0,0,0,0,0,0,0
Eva Care,امبابة,0,0,185,4,153,6,153,6,0,0,0,0,0,0,0,0,0,0,0,0,0,0,0,0
Hair Clinic,الزمالك,139,3,0,0,0,0,0,0,0,0,0,0,0,0,0,0,0,0,0,0,0,0,101,3
Skin Clinic,الزمالك,0,0,0,0,0,0,0,0,146,3,0,0,0,0,146,3,0,0,0,0,0,0,0,0
Acetone & Rose water & Joli Eva,امبابة,0,0,0,0,0,0,0,0,0,0,0,0,0,0,0,0,0,0,0,0,452,30,0,0
Eva Care,امبابة,0,0,4434,96,3745,147,0,0,1605,63,5349,210,2140,84,3210,126,1070,42,0,0,0,0,0,0
Glow,امبابة,0,0,0,0,0,0,0,0,0,0,1945,84,0,0,347,15,0,0,0,0,0,0,0,0
Hair Clinic,الزمالك,0,0,0,0,806,24,0,0,0,0,0,0,0,0,0,0,657,21,0,0,1459,42,0,0
Other,امبابة,0,0,0,0,0,0,0,0,0,0,0,0,0,0,0,0,625,15,0,0,0,0,0,0
Recipe,مصر الجديدة,0,0,0,0,0,0,0,0,0,0,0,0,0,0,0,0,0,0,0,0,0,0,839,30
Skin Clinic,الزمالك,0,0,0,0,0,0,0,0,0,0,0,0,0,0,0,0,2723,56,0,0,0,0,0,0
Acetone & Rose water & Joli Eva,امبابة,0,0,90,6,0,0,0,0,0,0,0,0,0,0,0,0,125,12,0,0,0,0,0,0
Eva Care,امبابة,195,12,0,0,0,0,185,4,0,0,0,0,139,6,189,4,0,0,146,9,153,6,0,0
Glow,امبابة,0,0,42,3,0,0,0,0,0,0,0,0,0,0,0,0,0,0,0,0,0,0,0,0
Hair Clinic,الزمالك,0,0,0,0,149,6,0,0,0,0,0,0,0,0,0,0,0,0,0,0,0,0,104,3
Skin Clinic,الزمالك,0,0,0,0,0,0,0,0,146,3,139,3,0,0,0,0,0,0,0,0,0,0,0,0
Acetone & Rose water & Joli Eva,امبابة,0,0,0,0,0,0,181,15,0,0,0,0,0,0,0,0,0,0,0,0,0,0,0,0
Baby,امبابة,0,0,0,0,0,0,101,4.5,0,0,0,0,0,0,0,0,0,0,0,0,0,0,0,0
Eva Care,عين شمس,0,0,0,0,0,0,297,13,18,-0.5,0,0,0,0,0,0,0,0,0,0,0,0,0,0
Glow,امبابة,0,0,0,0,0,0,76,4,0,0,0,0,0,0,0,0,0,0,0,0,0,0,0,0
GPC,امبابة,0,0,0,0,0,0,161,23,0,0,0,0,0,0,0,0,0,0,0,0,0,0,0,0
Hair Clinic,الزمالك,0,0,0,0,0,0,474,13,0,0,0,0,0,0,0,0,0,0,0,0,0,0,0,0
One Classic,امبابة,0,0,0,0,0,0,62,9,0,0,0,0,0,0,0,0,0,0,0,0,0,0,0,0
Recipe,مصر الجديدة,0,0,0,0,0,0,382,12,0,0,0,0,0,0,0,0,0,0,0,0,0,0,0,0
Skin Clinic,الزمالك,0,0,0,0,0,0,958,22.5,0,0,0,0,0,0,0,0,0,0,0,0,0,0,0,0
Sun & Sea,مصر الجديدة,0,0,0,0,0,0,295,6,0,0,0,0,0,0,0,0,0,0,0,0,0,0,0,0
Eva Care,عين شمس,0,0,185,4,0,0,185,4,0,0,153,6,139,6,0,0,76,3,153,6,104,6,146,9
Glow,امبابة,167,12,0,0,0,0,0,0,0,0,0,0,0,0,0,0,0,0,0,0,0,0,0,0
Hair Clinic,الزمالك,0,0,0,0,0,0,0,0,0,0,0,0,104,3,0,0,0,0,0,0,0,0,0,0
Skin Clinic,الزمالك,0,0,0,0,0,0,0,0,146,3,0,0,0,0,0,0,63,3,0,0,0,0,0,0
Acetone & Rose water & Joli Eva,الزمالك,0,0,0,0,0,0,0,0,0,0,0,0,125,12,0,0,0,0,0,0,0,0,0,0
Eva Care,عين شمس,0,0,0,0,185,4,185,4,0,0,0,0,0,0,0,0,0,0,0,0,0,0,0,0
Glow,امبابة,167,12,0,0,0,0,0,0,0,0,0,0,0,0,0,0,0,0,0,0,0,0,0,0
Hair Clinic,الزمالك,0,0,87,3,0,0,0,0,0,0,0,0,0,0,0,0,160,6,0,0,0,0,0,0
Skin Clinic,الزمالك,0,0,63,3,0,0,0,0,0,0,0,0,0,0,125,6,0,0,0,0,0,0,0,0
Eva Care,عين شمس,0,0,0,0,0,0,153,6,0,0,0,0,0,0,153,6,0,0,0,0,0,0,0,0
Glow,امبابة,0,0,139,6,0,0,0,0,0,0,0,0,0,0,0,0,135,9,0,0,0,0,0,0
Hair Clinic,الزمالك,139,3,0,0,167,6,0,0,0,0,139,6,0,0,0,0,0,0,0,0,0,0,0,0
Recipe,مصر الجديدة,0,0,0,0,0,0,0,0,0,0,0,0,0,0,0,0,0,0,148,6,0,0,0,0
Skin Clinic,الزمالك,0,0,0,0,0,0,0,0,292,6,0,0,0,0,0,0,0,0,0,0,0,0,125,6
Acetone & Rose water & Joli Eva,الزمالك,0,0,0,0,0,0,0,0,0,0,0,0,125,12,0,0,0,0,0,0,0,0,0,0
Eva Care,عين شمس,0,0,0,0,0,0,0,0,0,0,0,0,0,0,146,9,0,0,0,0,0,0,0,0
Glow,امبابة,167,12,0,0,0,0,0,0,0,0,0,0,0,0,0,0,0,0,0,0,0,0,0,0
Hair Clinic,الزمالك,0,0,0,0,0,0,0,0,0,0,0,0,0,0,0,0,0,0,0,0,0,0,153,6
Skin Clinic,الزمالك,0,0,146,3,0,0,0,0,146,3,0,0,0,0,0,0,0,0,0,0,0,0,0,0
Acetone & Rose water & Joli Eva,الزمالك,0,0,0,0,0,0,0,0,0,0,0,0,0,0,0,0,0,0,0,0,0,0,90,9
Eva Care,عين شمس,0,0,0,0,0,0,0,0,0,0,0,0,0,0,0,0,0,0,0,0,0,0,4386,154
Glow,امبابة,0,0,0,0,0,0,0,0,0,0,0,0,0,0,0,0,0,0,0,0,0,0,538,30
GPC,امبابة,0,0,0,0,0,0,0,0,0,0,0,0,0,0,0,0,0,0,0,0,0,0,217,27
Hair Clinic,الزمالك,0,0,0,0,0,0,0,0,0,0,0,0,0,0,0,0,0,0,0,0,0,0,1587,45
Skin Clinic,الزمالك,0,0,0,0,0,0,0,0,0,0,0,0,0,0,0,0,0,0,0,0,0,0,1073,33
Acetone & Rose water & Joli Eva,الزمالك,56,3,56,3,0,0,63,6,0,0,0,0,153,15,0,0,0,0,0,0,0,0,0,0
Eva Care,عين شمس,231,15,1188,35.5,2258,58.5,2397,60,306,12,2552,72,2804,87,1350,28.5,4303,118.5,95,2,0,0,1407,50
Glow,امبابة,92,4.5,325,15,54,3,151,9,0,0,228,10.5,412,19,371,16,1211,54,741,32,0,0,134,7
GPC,امبابة,0,0,0,0,0,0,21,1.5,0,0,0,0,0,0,0,0,0,0,0,0,0,0,0,0
Hair Clinic,امبابة,42,1.5,80,3,0,0,0,0,0,0,217,6,318,9,101,3,146,3,76,1.5,0,0,27,1
Other,امبابة,0,0,69,3,0,0,0,0,0,0,0,0,0,0,0,0,0,0,0,0,0,0,0,0
Recipe,مصر الجديدة,61,1.5,0,0,0,0,0,0,0,0,0,0,157,5.5,0,0,42,1.5,0,0,0,0,0,0
Skin Clinic,الزمالك,393,18,1612,46.5,83,4,477,18,1167,24,1053,25.5,139,3,35,1,1823,57.5,126,3,0,0,878,27
Eva Care,عين شمس,0,0,0,0,0,0,306,12,0,0,49,3,0,0,0,0,0,0,153,6,153,6,0,0
Glow,امبابة,0,0,0,0,0,0,0,0,0,0,0,0,139,6,0,0,0,0,0,0,0,0,0,0
Hair Clinic,امبابة,0,0,0,0,153,3,0,0,0,0,80,3,0,0,101,3,153,3,0,0,0,0,0,0
Recipe,مصر الجديدة,167,6,0,0,0,0,0,0,0,0,0,0,0,0,0,0,0,0,0,0,0,0,148,6
Skin Clinic,الزمالك,0,0,0,0,0,0,0,0,271,9,0,0,0,0,0,0,0,0,0,0,0,0,0,0
Acetone & Rose water & Joli Eva,الزمالك,0,0,0,0,0,0,0,0,0,0,0,0,0,0,0,0,125,12,0,0,0,0,0,0
Eva Care,عين شمس,0,0,0,0,185,4,153,6,0,0,0,0,139,6,189,4,0,0,146,9,49,3,0,0
Glow,امبابة,0,0,139,6,0,0,0,0,0,0,0,0,0,0,0,0,0,0,0,0,0,0,0,0
Hair Clinic,امبابة,0,0,0,0,0,0,0,0,0,0,104,3,0,0,0,0,0,0,0,0,69,3,104,3
Recipe,مصر الجديدة,174,6,0,0,0,0,0,0,0,0,0,0,0,0,0,0,0,0,0,0,0,0,0,0